begin,end,log_id,filename
CPD 1055811,,
CPD 1059585,,
CPD 1057424,,
CPD 1057214,,
CPD 1054229,,
CPD 1055602,,
CPD 1056638,,
CPD 1056503,,
CPD 1056433,,
CPD 1058354,,
CPD 1056026,,
CPD 1057541,,
CPD 1054558,,
CPD 1059981,,
CPD 1055791,,
CPD 1054567,,
CPD 1057644,,
CPD 1056096,,
CPD 1053362,,
CPD 1053990,,
CPD 1056669,,
CPD 1056239,,
CPD 1057597,,
CPD 1052262,,
CPD 1057101,,
CPD 1056234,,
CPD 1057266,,
CPD 1055856,,
CPD 1057275,,
CPD 1056080,,
CPD 1056027,,
CPD 1055433,,
CPD 1052562,,
CPD 1059886,,
CPD 1057453,,
CPD 1058345,,
CPD 1056980,,
CPD 1055999,,
CPD 1055509,,
CPD 1055430,,
CPD 1059473,,
CPD 1058223,,
CPD 1050103,,
CPD 1050468,,
CPD 1055923,,
CPD 1056551,,
CPD 1059522,,
CPD 1049285,,
CPD 1051933,,
CPD 1056810,,
CPD 1052175,,
CPD 1056934,,
CPD 1054192,,
CPD 1055902,,
CPD 1050542,,
CPD 1057346,,
CPD 1056398,,
CPD 1054843,,
CPD 1055641,,
CPD 1058505,,
CPD 1055887,,
CPD 1056109,,
CPD 1050852,,
CPD 1056764,,
CPD 1053290,,
CPD 1057137,,
CPD 1057021,,
CPD 1056899,,
CPD 1055529,,
CPD 1058310,,
CPD 1051744,,
CPD 1055124,,
CPD 1057638,,
CPD 1055555,,
CPD 1059801,,
CPD 1058243,,
CPD 1056587,,
CPD 1055666,,
CPD 1055748,,
CPD 1053945,,
CPD 1057014,,
CPD 1055499,,
CPD 1053947,,
CPD 1059549,,
CPD 1058441,,
CPD 1056682,,
CPD 1074191,,
CPD 1058172,,
CPD 1057136,,
CPD 1056394,,
CPD 1055774,,
CPD 1054939,,
CPD 1074251,,
CPD 1052375,,
CPD 1055773,,
CPD 1056392,,
CPD 1057135,,
CPD 1058171,,
CPD 1074203,,
CPD 1055771,,
CPD 1056389,,
CPD 1058167,,
CPD 1074189,,
CPD 1057134,,
CPD 1055770,,
CPD 1074188,,
CPD 1074202,,
CPD 1055768,,
CPD 1054936,,
CPD 1056388,,
CPD 1052362,,
CPD 1058166,,
CPD 1056386,,
CPD 1055767,,
CPD 1057132,,
CPD 1074172,,
CPD 1056385,,
CPD 1057131,,
CPD 1058165,,
CPD 1052344,,
CPD 1055765,,
CPD 1056384,,
CPD 1074170,,
CPD 1054934,,
CPD 1055764,,
CPD 1056383,,
CPD 1056380,,
CPD 1058164,,
CPD 1058161,,
CPD 1055763,,
CPD 1052341,,
CPD 1057130,,
CPD 1056379,,
CPD 1058150,,
CPD 1055762,,
CPD 1057128,,
CPD 1056378,,
CPD 1058135,,
CPD 1054933,,
CPD 1055759,,
CPD 1056377,,
CPD 1052339,,
CPD 1074158,,
CPD 1058132,,
CPD 1055757,,
CPD 1056376,,
CPD 1057127,,
CPD 1054932,,
CPD 1058124,,
CPD 1057126,,
CPD 1055756,,
CPD 1056373,,
CPD 1057125,,
CPD 1058120,,
CPD 1055755,,
CPD 1057124,,
CPD 1074147,,
CPD 1056372,,
CPD 1052335,,
CPD 1058119,,
CPD 1057122,,
CPD 1055754,,
CPD 1057119,,
CPD 1074105,,
CPD 1056371,,
CPD 1058117,,
CPD 1055753,,
CPD 1052334,,
CPD 1057118,,
CPD 1055751,,
CPD 1058112,,
CPD 1056370,,
CPD 1055750,,
CPD 1058111,,
CPD 1057116,,
CPD 1074102,,
CPD 1057110,,
CPD 1058110,,
CPD 1056367,,
CPD 1074101,,
CPD 1058109,,
CPD 1057109,,
CPD 1056365,,
CPD 1058108,,
CPD 1056364,,
CPD 1058105,,
CPD 1055746,,
CPD 1056363,,
CPD 1054930,,
CPD 1058100,,
CPD 1057108,,
CPD 1055745,,
CPD 1056362,,
CPD 1058096,,
CPD 1052329,,
CPD 1055744,,
CPD 1074082,,
CPD 1058095,,
CPD 1055743,,
CPD 1056361,,
CPD 1058093,,
CPD 1055742,,
CPD 1056359,,
CPD 1054929,,
CPD 1056356,,
CPD 1052325,,
CPD 1057107,,
CPD 1073420,,
CPD 1058092,,
CPD 1056355,,
CPD 1055738,,
CPD 1054926,,
CPD 1057106,,
CPD 1058091,,
CPD 1052320,,
CPD 1057105,,
CPD 1056354,,
CPD 1055736,,
CPD 1073391,,
CPD 1057103,,
CPD 1056353,,
CPD 1057102,,
CPD 1058090,,
CPD 1056351,,
CPD 1057100,,
CPD 1058089,,
CPD 1056349,,
CPD 1055735,,
CPD 1058088,,
CPD 1056347,,
CPD 1058087,,
CPD 1073384,,
CPD 1058081,,
CPD 1058079,,
CPD 1057098,,
CPD 1055733,,
CPD 1052314,,
CPD 1056345,,
CPD 1058076,,
CPD 1054925,,
CPD 1058075,,
CPD 1056344,,
CPD 1058074,,
CPD 1055721,,
CPD 1073370,,
CPD 1057096,,
CPD 1056342,,
CPD 1058073,,
CPD 1057094,,
CPD 1058071,,
CPD 1056341,,
CPD 1057092,,
CPD 1054921,,
CPD 1058063,,
CPD 1057090,,
CPD 1056340,,
CPD 1055720,,
CPD 1058058,,
CPD 1057084,,
CPD 1073364,,
CPD 1052303,,
CPD 1058057,,
CPD 1055716,,
CPD 1056337,,
CPD 1054913,,
CPD 1058055,,
CPD 1056336,,
CPD 1055713,,
CPD 1058050,,
CPD 1073362,,
CPD 1056335,,
CPD 1058047,,
CPD 1054908,,
CPD 1056334,,
CPD 1055712,,
CPD 1055711,,
CPD 1057083,,
CPD 1058043,,
CPD 1056332,,
CPD 1073341,,
CPD 1052302,,
CPD 1055709,,
CPD 1058041,,
CPD 1055707,,
CPD 1056331,,
CPD 1058040,,
CPD 1055704,,
CPD 1056329,,
CPD 1057077,,
CPD 1073301,,
CPD 1058037,,
CPD 1056328,,
CPD 1054899,,
CPD 1052301,,
CPD 1057076,,
CPD 1055703,,
CPD 1058033,,
CPD 1055702,,
CPD 1057071,,
CPD 1073294,,
CPD 1058032,,
CPD 1056327,,
CPD 1057070,,
CPD 1058026,,
CPD 1056324,,
CPD 1052298,,
CPD 1055701,,
CPD 1054898,,
CPD 1058017,,
CPD 1056323,,
CPD 1057069,,
CPD 1055700,,
CPD 1073292,,
CPD 1058016,,
CPD 1056321,,
CPD 1056320,,
CPD 1058015,,
CPD 1057067,,
CPD 1055699,,
CPD 1058013,,
CPD 1054897,,
CPD 1056319,,
CPD 1058010,,
CPD 1055698,,
CPD 1058008,,
CPD 1056318,,
CPD 1073290,,
CPD 1058006,,
CPD 1057063,,
CPD 1056317,,
CPD 1055697,,
CPD 1057062,,
CPD 1054889,,
CPD 1058004,,
CPD 1073289,,
CPD 1057061,,
CPD 1057994,,
CPD 1057054,,
CPD 1054886,,
CPD 1055695,,
CPD 1057052,,
CPD 1057992,,
CPD 1056316,,
CPD 1052295,,
CPD 1055694,,
CPD 1057991,,
CPD 1057049,,
CPD 1057046,,
CPD 1057988,,
CPD 1057044,,
CPD 1057986,,
CPD 1054882,,
CPD 1052285,,
CPD 1056315,,
CPD 1055692,,
CPD 1057043,,
CPD 1073274,,
CPD 1054880,,
CPD 1057984,,
CPD 1055691,,
CPD 1056314,,
CPD 1057041,,
CPD 1056313,,
CPD 1057036,,
CPD 1057983,,
CPD 1055688,,
CPD 1057982,,
CPD 1057035,,
CPD 1056309,,
CPD 1055687,,
CPD 1057976,,
CPD 1073259,,
CPD 1052284,,
CPD 1057034,,
CPD 1057032,,
CPD 1054879,,
CPD 1056308,,
CPD 1057031,,
CPD 1054877,,
CPD 1073253,,
CPD 1052283,,
CPD 1056306,,
CPD 1057972,,
CPD 1056305,,
CPD 1055685,,
CPD 1057968,,
CPD 1056304,,
CPD 1057029,,
CPD 1057967,,
CPD 1055684,,
CPD 1056302,,
CPD 1057964,,
CPD 1054876,,
CPD 1056301,,
CPD 1052279,,
CPD 1055683,,
CPD 1059999,,
CPD 1057024,,
CPD 1056300,,
CPD 1057961,,
CPD 1056297,,
CPD 1059998,,
CPD 1057019,,
CPD 1057960,,
CPD 1059995,,
CPD 1054863,,
CPD 1057957,,
CPD 1059993,,
CPD 1057018,,
CPD 1056296,,
CPD 1055682,,
CPD 1059989,,
CPD 1057955,,
CPD 1056294,,
CPD 1054842,,
CPD 1055680,,
CPD 1057954,,
CPD 1056293,,
CPD 1059985,,
CPD 1057013,,
CPD 1056292,,
CPD 1059983,,
CPD 1057952,,
CPD 1055678,,
CPD 1057012,,
CPD 1059980,,
CPD 1057007,,
CPD 1055676,,
CPD 1059978,,
CPD 1052275,,
CPD 1055675,,
CPD 1057951,,
CPD 1057006,,
CPD 1056291,,
CPD 1054820,,
CPD 1059977,,
CPD 1057005,,
CPD 1057950,,
CPD 1059976,,
CPD 1052272,,
CPD 1056290,,
CPD 1057004,,
CPD 1059973,,
CPD 1057949,,
CPD 1055673,,
CPD 1059970,,
CPD 1057003,,
CPD 1054818,,
CPD 1056289,,
CPD 1059969,,
CPD 1055672,,
CPD 1057948,,
CPD 1057001,,
CPD 1056288,,
CPD 1059968,,
CPD 1056998,,
CPD 1052271,,
CPD 1057942,,
CPD 1056287,,
CPD 1055669,,
CPD 1059965,,
CPD 1056997,,
CPD 1057941,,
CPD 1056284,,
CPD 1055668,,
CPD 1054817,,
CPD 1059962,,
CPD 1057938,,
CPD 1059961,,
CPD 1055667,,
CPD 1056282,,
CPD 1056993,,
CPD 1059959,,
CPD 1057933,,
CPD 1056280,,
CPD 1056992,,
CPD 1054816,,
CPD 1059957,,
CPD 1057931,,
CPD 1056279,,
CPD 1055665,,
CPD 1057928,,
CPD 1059954,,
CPD 1056277,,
CPD 1055661,,
CPD 1057927,,
CPD 1054812,,
CPD 1059949,,
CPD 1056276,,
CPD 1055660,,
CPD 1052257,,
CPD 1057925,,
CPD 1055659,,
CPD 1059947,,
CPD 1059942,,
CPD 1057921,,
CPD 1056991,,
CPD 1059939,,
CPD 1057919,,
CPD 1056273,,
CPD 1057917,,
CPD 1054809,,
CPD 1056990,,
CPD 1059938,,
CPD 1055658,,
CPD 1057916,,
CPD 1056989,,
CPD 1054804,,
CPD 1052255,,
CPD 1059936,,
CPD 1057912,,
CPD 1055657,,
CPD 1059935,,
CPD 1057911,,
CPD 1055656,,
CPD 1056985,,
CPD 1057910,,
CPD 1059932,,
CPD 1056272,,
CPD 1052254,,
CPD 1055655,,
CPD 1057903,,
CPD 1056984,,
CPD 1054796,,
CPD 1059929,,
CPD 1057901,,
CPD 1055654,,
CPD 1056979,,
CPD 1056270,,
CPD 1057900,,
CPD 1054792,,
CPD 1059928,,
CPD 1056977,,
CPD 1055653,,
CPD 1059924,,
CPD 1052252,,
CPD 1057898,,
CPD 1056269,,
CPD 1056973,,
CPD 1055652,,
CPD 1057893,,
CPD 1056972,,
CPD 1054783,,
CPD 1055649,,
CPD 1056966,,
CPD 1059921,,
CPD 1057890,,
CPD 1057889,,
CPD 1056268,,
CPD 1055648,,
CPD 1059920,,
CPD 1057885,,
CPD 1055647,,
CPD 1059919,,
CPD 1059918,,
CPD 1055645,,
CPD 1059916,,
CPD 1057875,,
CPD 1056267,,
CPD 1059909,,
CPD 1052249,,
CPD 1057874,,
CPD 1055644,,
CPD 1059908,,
CPD 1057871,,
CPD 1056265,,
CPD 1059907,,
CPD 1057867,,
CPD 1056264,,
CPD 1059903,,
CPD 1059902,,
CPD 1052238,,
CPD 1056263,,
CPD 1059897,,
CPD 1055643,,
CPD 1056259,,
CPD 1055642,,
CPD 1059896,,
CPD 1057866,,
CPD 1056258,,
CPD 1055640,,
CPD 1059894,,
CPD 1057864,,
CPD 1056254,,
CPD 1052237,,
CPD 1056253,,
CPD 1056963,,
CPD 1057863,,
CPD 1059893,,
CPD 1059892,,
CPD 1055639,,
CPD 1059890,,
CPD 1056250,,
CPD 1056962,,
CPD 1055636,,
CPD 1057861,,
CPD 1059887,,
CPD 1057860,,
CPD 1059879,,
CPD 1056961,,
CPD 1056249,,
CPD 1054781,,
CPD 1059878,,
CPD 1056960,,
CPD 1057859,,
CPD 1056248,,
CPD 1059874,,
CPD 1056958,,
CPD 1056957,,
CPD 1057857,,
CPD 1056246,,
CPD 1055634,,
CPD 1059869,,
CPD 1056956,,
CPD 1055633,,
CPD 1052229,,
CPD 1057855,,
CPD 1056954,,
CPD 1059866,,
CPD 1057854,,
CPD 1054779,,
CPD 1056948,,
CPD 1059862,,
CPD 1055632,,
CPD 1056245,,
CPD 1057853,,
CPD 1059856,,
CPD 1052226,,
CPD 1057851,,
CPD 1059855,,
CPD 1056947,,
CPD 1056244,,
CPD 1057849,,
CPD 1059854,,
CPD 1055631,,
CPD 1056946,,
CPD 1059851,,
CPD 1055630,,
CPD 1056945,,
CPD 1057847,,
CPD 1056243,,
CPD 1059849,,
CPD 1052219,,
CPD 1055629,,
CPD 1056944,,
CPD 1059847,,
CPD 1055628,,
CPD 1056242,,
CPD 1056943,,
CPD 1057846,,
CPD 1059844,,
CPD 1057845,,
CPD 1056940,,
CPD 1055627,,
CPD 1056237,,
CPD 1056939,,
CPD 1057843,,
CPD 1055625,,
CPD 1054771,,
CPD 1059840,,
CPD 1056937,,
CPD 1055624,,
CPD 1059837,,
CPD 1056936,,
CPD 1056236,,
CPD 1052216,,
CPD 1059836,,
CPD 1056932,,
CPD 1055623,,
CPD 1054769,,
CPD 1057833,,
CPD 1059835,,
CPD 1056235,,
CPD 1055622,,
CPD 1056930,,
CPD 1057830,,
CPD 1055621,,
CPD 1056929,,
CPD 1059831,,
CPD 1056233,,
CPD 1057829,,
CPD 1055620,,
CPD 1056927,,
CPD 1059825,,
CPD 1057828,,
CPD 1052212,,
CPD 1055617,,
CPD 1054765,,
CPD 1056232,,
CPD 1056926,,
CPD 1057827,,
CPD 1059821,,
CPD 1056231,,
CPD 1059819,,
CPD 1057826,,
CPD 1056230,,
CPD 1056924,,
CPD 1057824,,
CPD 1054763,,
CPD 1056229,,
CPD 1059813,,
CPD 1056920,,
CPD 1056228,,
CPD 1057822,,
CPD 1054759,,
CPD 1056227,,
CPD 1057815,,
CPD 1056919,,
CPD 1055615,,
CPD 1059810,,
CPD 1057814,,
CPD 1056226,,
CPD 1056918,,
CPD 1059798,,
CPD 1055614,,
CPD 1057809,,
CPD 1056915,,
CPD 1059797,,
CPD 1054750,,
CPD 1056224,,
CPD 1057807,,
CPD 1055612,,
CPD 1056914,,
CPD 1056223,,
CPD 1057806,,
CPD 1059794,,
CPD 1054748,,
CPD 1056221,,
CPD 1056913,,
CPD 1057805,,
CPD 1059793,,
CPD 1056219,,
CPD 1056912,,
CPD 1052206,,
CPD 1055610,,
CPD 1057797,,
CPD 1059788,,
CPD 1056218,,
CPD 1057796,,
CPD 1059787,,
CPD 1054745,,
CPD 1056217,,
CPD 1059781,,
CPD 1057795,,
CPD 1056215,,
CPD 1055609,,
CPD 1057792,,
CPD 1059777,,
CPD 1056213,,
CPD 1056909,,
CPD 1054744,,
CPD 1057791,,
CPD 1059776,,
CPD 1057786,,
CPD 1055608,,
CPD 1056212,,
CPD 1052204,,
CPD 1059775,,
CPD 1056211,,
CPD 1055607,,
CPD 1059774,,
CPD 1056908,,
CPD 1054734,,
CPD 1056907,,
CPD 1055606,,
CPD 1059770,,
CPD 1055605,,
CPD 1052202,,
CPD 1056210,,
CPD 1057785,,
CPD 1054705,,
CPD 1059766,,
CPD 1056903,,
CPD 1057782,,
CPD 1056902,,
CPD 1059765,,
CPD 1056901,,
CPD 1059764,,
CPD 1052199,,
CPD 1056900,,
CPD 1055604,,
CPD 1057781,,
CPD 1059761,,
CPD 1056209,,
CPD 1056897,,
CPD 1054704,,
CPD 1057775,,
CPD 1055603,,
CPD 1059759,,
CPD 1054702,,
CPD 1057774,,
CPD 1057773,,
CPD 1055601,,
CPD 1059756,,
CPD 1056208,,
CPD 1057772,,
CPD 1052198,,
CPD 1059753,,
CPD 1055599,,
CPD 1057770,,
CPD 1059745,,
CPD 1057769,,
CPD 1059739,,
CPD 1056206,,
CPD 1059738,,
CPD 1057763,,
CPD 1056896,,
CPD 1056205,,
CPD 1055597,,
CPD 1059733,,
CPD 1056204,,
CPD 1052187,,
CPD 1057762,,
CPD 1059732,,
CPD 1056893,,
CPD 1056202,,
CPD 1057758,,
CPD 1055596,,
CPD 1059731,,
CPD 1056201,,
CPD 1055595,,
CPD 1057757,,
CPD 1056891,,
CPD 1059729,,
CPD 1057755,,
CPD 1056890,,
CPD 1059728,,
CPD 1056200,,
CPD 1059723,,
CPD 1057753,,
CPD 1055593,,
CPD 1052181,,
CPD 1056199,,
CPD 1059721,,
CPD 1054700,,
CPD 1055592,,
CPD 1057751,,
CPD 1059720,,
CPD 1056887,,
CPD 1055591,,
CPD 1057744,,
CPD 1056194,,
CPD 1059718,,
CPD 1057743,,
CPD 1059717,,
CPD 1056193,,
CPD 1052180,,
CPD 1057742,,
CPD 1056884,,
CPD 1056192,,
CPD 1055590,,
CPD 1059716,,
CPD 1057739,,
CPD 1056880,,
CPD 1055588,,
CPD 1057738,,
CPD 1056191,,
CPD 1059714,,
CPD 1055587,,
CPD 1056877,,
CPD 1057737,,
CPD 1056190,,
CPD 1055586,,
CPD 1054686,,
CPD 1059708,,
CPD 1056874,,
CPD 1056187,,
CPD 1055585,,
CPD 1057733,,
CPD 1052172,,
CPD 1055584,,
CPD 1056873,,
CPD 1057732,,
CPD 1054685,,
CPD 1059705,,
CPD 1056186,,
CPD 1056872,,
CPD 1057731,,
CPD 1059703,,
CPD 1056185,,
CPD 1056871,,
CPD 1057730,,
CPD 1059699,,
CPD 1056184,,
CPD 1056869,,
CPD 1057729,,
CPD 1059698,,
CPD 1052169,,
CPD 1057726,,
CPD 1056867,,
CPD 1056183,,
CPD 1059697,,
CPD 1055583,,
CPD 1056180,,
CPD 1059696,,
CPD 1057725,,
CPD 1059694,,
CPD 1055581,,
CPD 1056179,,
CPD 1057724,,
CPD 1059690,,
CPD 1056178,,
CPD 1055579,,
CPD 1052155,,
CPD 1057722,,
CPD 1054682,,
CPD 1056864,,
CPD 1055578,,
CPD 1056177,,
CPD 1059689,,
CPD 1056176,,
CPD 1059687,,
CPD 1057721,,
CPD 1059686,,
CPD 1055577,,
CPD 1056175,,
CPD 1056863,,
CPD 1057718,,
CPD 1059685,,
CPD 1055576,,
CPD 1054651,,
CPD 1059677,,
CPD 1057717,,
CPD 1056174,,
CPD 1056862,,
CPD 1057712,,
CPD 1056858,,
CPD 1055575,,
CPD 1059676,,
CPD 1057711,,
CPD 1056173,,
CPD 1056856,,
CPD 1059673,,
CPD 1057710,,
CPD 1055573,,
CPD 1056170,,
CPD 1054647,,
CPD 1059671,,
CPD 1056855,,
CPD 1056169,,
CPD 1057709,,
CPD 1059670,,
CPD 1056854,,
CPD 1059668,,
CPD 1057708,,
CPD 1056167,,
CPD 1056853,,
CPD 1055571,,
CPD 1059665,,
CPD 1056166,,
CPD 1057707,,
CPD 1056850,,
CPD 1057706,,
CPD 1059653,,
CPD 1056164,,
CPD 1056848,,
CPD 1052154,,
CPD 1059649,,
CPD 1055570,,
CPD 1057702,,
CPD 1056163,,
CPD 1059648,,
CPD 1056837,,
CPD 1057699,,
CPD 1056162,,
CPD 1059638,,
CPD 1056835,,
CPD 1059637,,
CPD 1057698,,
CPD 1052138,,
CPD 1056156,,
CPD 1054646,,
CPD 1059633,,
CPD 1057697,,
CPD 1056155,,
CPD 1055569,,
CPD 1059628,,
CPD 1057695,,
CPD 1056834,,
CPD 1055568,,
CPD 1059626,,
CPD 1056154,,
CPD 1056832,,
CPD 1055567,,
CPD 1054644,,
CPD 1059623,,
CPD 1056831,,
CPD 1052129,,
CPD 1055566,,
CPD 1056829,,
CPD 1059620,,
CPD 1056828,,
CPD 1057694,,
CPD 1056153,,
CPD 1055565,,
CPD 1059617,,
CPD 1057690,,
CPD 1056826,,
CPD 1054641,,
CPD 1055564,,
CPD 1056152,,
CPD 1059615,,
CPD 1056149,,
CPD 1057689,,
CPD 1056824,,
CPD 1059613,,
CPD 1056146,,
CPD 1057686,,
CPD 1056823,,
CPD 1059612,,
CPD 1056145,,
CPD 1057684,,
CPD 1055563,,
CPD 1056822,,
CPD 1057680,,
CPD 1056821,,
CPD 1055562,,
CPD 1059609,,
CPD 1054632,,
CPD 1056819,,
CPD 1057679,,
CPD 1052127,,
CPD 1059602,,
CPD 1056144,,
CPD 1056818,,
CPD 1057677,,
CPD 1056143,,
CPD 1059600,,
CPD 1055561,,
CPD 1056817,,
CPD 1057675,,
CPD 1059599,,
CPD 1057674,,
CPD 1054631,,
CPD 1052126,,
CPD 1059598,,
CPD 1057670,,
CPD 1056140,,
CPD 1059595,,
CPD 1056139,,
CPD 1057669,,
CPD 1054630,,
CPD 1056814,,
CPD 1057667,,
CPD 1059591,,
CPD 1057666,,
CPD 1059586,,
CPD 1056137,,
CPD 1059582,,
CPD 1057665,,
CPD 1056812,,
CPD 1052125,,
CPD 1059581,,
CPD 1057664,,
CPD 1056811,,
CPD 1056809,,
CPD 1059580,,
CPD 1057663,,
CPD 1054629,,
CPD 1056808,,
CPD 1055560,,
CPD 1057656,,
CPD 1059578,,
CPD 1056806,,
CPD 1055559,,
CPD 1057654,,
CPD 1056805,,
CPD 1055557,,
CPD 1059577,,
CPD 1056133,,
CPD 1056804,,
CPD 1054628,,
CPD 1055556,,
CPD 1052122,,
CPD 1059572,,
CPD 1059570,,
CPD 1056801,,
CPD 1059569,,
CPD 1057652,,
CPD 1054626,,
CPD 1056132,,
CPD 1056800,,
CPD 1055554,,
CPD 1052114,,
CPD 1059565,,
CPD 1057648,,
CPD 1056131,,
CPD 1056798,,
CPD 1057647,,
CPD 1059558,,
CPD 1057646,,
CPD 1059555,,
CPD 1054625,,
CPD 1059554,,
CPD 1056129,,
CPD 1057645,,
CPD 1055553,,
CPD 1056797,,
CPD 1057641,,
CPD 1059553,,
CPD 1054610,,
CPD 1057639,,
CPD 1056128,,
CPD 1059545,,
CPD 1057637,,
CPD 1059544,,
CPD 1059542,,
CPD 1055552,,
CPD 1059539,,
CPD 1057636,,
CPD 1056795,,
CPD 1059534,,
CPD 1057634,,
CPD 1059532,,
CPD 1056794,,
CPD 1054597,,
CPD 1057633,,
CPD 1056127,,
CPD 1052113,,
CPD 1056793,,
CPD 1059529,,
CPD 1056126,,
CPD 1056792,,
CPD 1057632,,
CPD 1055551,,
CPD 1056124,,
CPD 1059528,,
CPD 1057627,,
CPD 1056791,,
CPD 1056122,,
CPD 1059526,,
CPD 1057624,,
CPD 1054596,,
CPD 1059525,,
CPD 1057623,,
CPD 1056790,,
CPD 1056121,,
CPD 1052112,,
CPD 1057621,,
CPD 1059524,,
CPD 1055550,,
CPD 1056120,,
CPD 1057620,,
CPD 1059523,,
CPD 1056119,,
CPD 1056788,,
CPD 1059521,,
CPD 1057619,,
CPD 1059520,,
CPD 1056118,,
CPD 1055547,,
CPD 1057618,,
CPD 1054591,,
CPD 1059519,,
CPD 1052111,,
CPD 1056117,,
CPD 1056785,,
CPD 1055545,,
CPD 1059516,,
CPD 1056784,,
CPD 1057617,,
CPD 1055544,,
CPD 1056115,,
CPD 1056781,,
CPD 1059512,,
CPD 1057616,,
CPD 1055543,,
CPD 1054587,,
CPD 1056112,,
CPD 1059510,,
CPD 1056780,,
CPD 1055540,,
CPD 1057615,,
CPD 1059508,,
CPD 1056778,,
CPD 1056111,,
CPD 1059507,,
CPD 1052110,,
CPD 1057608,,
CPD 1056110,,
CPD 1054580,,
CPD 1057607,,
CPD 1059506,,
CPD 1059504,,
CPD 1056108,,
CPD 1056771,,
CPD 1057606,,
CPD 1055539,,
CPD 1056107,,
CPD 1059501,,
CPD 1056770,,
CPD 1055536,,
CPD 1059498,,
CPD 1057604,,
CPD 1056104,,
CPD 1056767,,
CPD 1057603,,
CPD 1054578,,
CPD 1059488,,
CPD 1056102,,
CPD 1052109,,
CPD 1056101,,
CPD 1057593,,
CPD 1054576,,
CPD 1056100,,
CPD 1059478,,
CPD 1057589,,
CPD 1056097,,
CPD 1057584,,
CPD 1059471,,
CPD 1056095,,
CPD 1057582,,
CPD 1052081,,
CPD 1055535,,
CPD 1056094,,
CPD 1054572,,
CPD 1059421,,
CPD 1057581,,
CPD 1056093,,
CPD 1057578,,
CPD 1055534,,
CPD 1052074,,
CPD 1059382,,
CPD 1056090,,
CPD 1056089,,
CPD 1059372,,
CPD 1055532,,
CPD 1054569,,
CPD 1056088,,
CPD 1056086,,
CPD 1055531,,
CPD 1056766,,
CPD 1054566,,
CPD 1056762,,
CPD 1057577,,
CPD 1059370,,
CPD 1056085,,
CPD 1057575,,
CPD 1055530,,
CPD 1052062,,
CPD 1059328,,
CPD 1057570,,
CPD 1055527,,
CPD 1057564,,
CPD 1054564,,
CPD 1056761,,
CPD 1057554,,
CPD 1055525,,
CPD 1056083,,
CPD 1052059,,
CPD 1054562,,
CPD 1057551,,
CPD 1059318,,
CPD 1057550,,
CPD 1056758,,
CPD 1059297,,
CPD 1055524,,
CPD 1055522,,
CPD 1057548,,
CPD 1054549,,
CPD 1052057,,
CPD 1056756,,
CPD 1059286,,
CPD 1057547,,
CPD 1056082,,
CPD 1055519,,
CPD 1059277,,
CPD 1057545,,
CPD 1054547,,
CPD 1055517,,
CPD 1056755,,
CPD 1052053,,
CPD 1057543,,
CPD 1056754,,
CPD 1057537,,
CPD 1055516,,
CPD 1056081,,
CPD 1056753,,
CPD 1057529,,
CPD 1054544,,
CPD 1056078,,
CPD 1057528,,
CPD 1056752,,
CPD 1056750,,
CPD 1055515,,
CPD 1057522,,
CPD 1059147,,
CPD 1052052,,
CPD 1055514,,
CPD 1056077,,
CPD 1057520,,
CPD 1057518,,
CPD 1056074,,
CPD 1059138,,
CPD 1054537,,
CPD 1056073,,
CPD 1057516,,
CPD 1059137,,
CPD 1056746,,
CPD 1056071,,
CPD 1056745,,
CPD 1056070,,
CPD 1054533,,
CPD 1055513,,
CPD 1059131,,
CPD 1057514,,
CPD 1055512,,
CPD 1056069,,
CPD 1052044,,
CPD 1055511,,
CPD 1057513,,
CPD 1056068,,
CPD 1056744,,
CPD 1057511,,
CPD 1059124,,
CPD 1057510,,
CPD 1056067,,
CPD 1056736,,
CPD 1057503,,
CPD 1056734,,
CPD 1057502,,
CPD 1055510,,
CPD 1056733,,
CPD 1052043,,
CPD 1057500,,
CPD 1054524,,
CPD 1056066,,
CPD 1059121,,
CPD 1057498,,
CPD 1056061,,
CPD 1057494,,
CPD 1056732,,
CPD 1059110,,
CPD 1052033,,
CPD 1057493,,
CPD 1056730,,
CPD 1054519,,
CPD 1056060,,
CPD 1059108,,
CPD 1057492,,
CPD 1056059,,
CPD 1056729,,
CPD 1057485,,
CPD 1056057,,
CPD 1059093,,
CPD 1055508,,
CPD 1056056,,
CPD 1057484,,
CPD 1056727,,
CPD 1054513,,
CPD 1059088,,
CPD 1055507,,
CPD 1056055,,
CPD 1057482,,
CPD 1056726,,
CPD 1055506,,
CPD 1057481,,
CPD 1056054,,
CPD 1057479,,
CPD 1055505,,
CPD 1059085,,
CPD 1056051,,
CPD 1057478,,
CPD 1056048,,
CPD 1056725,,
CPD 1055504,,
CPD 1052010,,
CPD 1059074,,
CPD 1054510,,
CPD 1056046,,
CPD 1057477,,
CPD 1056722,,
CPD 1056045,,
CPD 1055503,,
CPD 1059070,,
CPD 1056044,,
CPD 1057474,,
CPD 1055502,,
CPD 1056721,,
CPD 1055501,,
CPD 1057467,,
CPD 1059054,,
CPD 1056043,,
CPD 1056720,,
CPD 1055500,,
CPD 1054509,,
CPD 1055498,,
CPD 1056041,,
CPD 1056719,,
CPD 1052009,,
CPD 1055497,,
CPD 1056040,,
CPD 1059026,,
CPD 1056038,,
CPD 1056718,,
CPD 1055496,,
CPD 1056717,,
CPD 1057461,,
CPD 1056036,,
CPD 1056716,,
CPD 1054493,,
CPD 1057459,,
CPD 1052004,,
CPD 1057456,,
CPD 1054492,,
CPD 1057455,,
CPD 1056715,,
CPD 1056034,,
CPD 1055495,,
CPD 1057452,,
CPD 1056714,,
CPD 1059022,,
CPD 1057451,,
CPD 1056032,,
CPD 1054481,,
CPD 1057449,,
CPD 1056713,,
CPD 1059003,,
CPD 1056030,,
CPD 1057448,,
CPD 1057447,,
CPD 1056711,,
CPD 1054478,,
CPD 1058978,,
CPD 1056710,,
CPD 1057445,,
CPD 1056028,,
CPD 1056709,,
CPD 1057443,,
CPD 1056025,,
CPD 1056708,,
CPD 1057442,,
CPD 1058917,,
CPD 1055493,,
CPD 1056024,,
CPD 1057441,,
CPD 1055492,,
CPD 1056022,,
CPD 1057439,,
CPD 1058901,,
CPD 1051996,,
CPD 1055491,,
CPD 1056706,,
CPD 1057438,,
CPD 1054474,,
CPD 1055489,,
CPD 1056020,,
CPD 1055488,,
CPD 1056703,,
CPD 1056019,,
CPD 1057433,,
CPD 1058880,,
CPD 1055487,,
CPD 1057432,,
CPD 1056702,,
CPD 1054468,,
CPD 1056018,,
CPD 1057431,,
CPD 1058869,,
CPD 1056701,,
CPD 1051995,,
CPD 1056017,,
CPD 1057430,,
CPD 1055486,,
CPD 1056700,,
CPD 1056015,,
CPD 1054462,,
CPD 1057427,,
CPD 1056014,,
CPD 1057425,,
CPD 1058828,,
CPD 1056012,,
CPD 1057423,,
CPD 1055484,,
CPD 1054456,,
CPD 1057420,,
CPD 1056011,,
CPD 1057418,,
CPD 1055482,,
CPD 1058816,,
CPD 1051987,,
CPD 1055481,,
CPD 1056699,,
CPD 1055480,,
CPD 1055479,,
CPD 1056695,,
CPD 1058809,,
CPD 1056010,,
CPD 1057411,,
CPD 1055478,,
CPD 1056693,,
CPD 1054449,,
CPD 1057409,,
CPD 1051984,,
CPD 1055477,,
CPD 1058787,,
CPD 1056009,,
CPD 1057408,,
CPD 1056692,,
CPD 1055476,,
CPD 1057407,,
CPD 1056691,,
CPD 1055475,,
CPD 1051982,,
CPD 1057406,,
CPD 1056008,,
CPD 1058763,,
CPD 1056690,,
CPD 1055474,,
CPD 1057405,,
CPD 1056689,,
CPD 1055472,,
CPD 1057400,,
CPD 1056688,,
CPD 1056007,,
CPD 1054448,,
CPD 1058750,,
CPD 1055471,,
CPD 1056687,,
CPD 1051981,,
CPD 1055467,,
CPD 1056685,,
CPD 1056006,,
CPD 1058746,,
CPD 1054447,,
CPD 1056684,,
CPD 1055466,,
CPD 1057390,,
CPD 1055464,,
CPD 1051978,,
CPD 1057379,,
CPD 1058727,,
CPD 1054444,,
CPD 1056005,,
CPD 1057377,,
CPD 1057373,,
CPD 1055461,,
CPD 1056683,,
CPD 1057372,,
CPD 1055459,,
CPD 1054442,,
CPD 1056004,,
CPD 1058708,,
CPD 1056681,,
CPD 1055457,,
CPD 1057371,,
CPD 1056680,,
CPD 1057369,,
CPD 1056002,,
CPD 1051975,,
CPD 1057368,,
CPD 1055455,,
CPD 1058696,,
CPD 1057361,,
CPD 1056679,,
CPD 1054430,,
CPD 1056000,,
CPD 1057360,,
CPD 1058693,,
CPD 1055452,,
CPD 1056677,,
CPD 1057358,,
CPD 1051973,,
CPD 1054425,,
CPD 1056676,,
CPD 1055998,,
CPD 1057357,,
CPD 1056675,,
CPD 1055451,,
CPD 1057356,,
CPD 1056674,,
CPD 1055997,,
CPD 1054423,,
CPD 1055450,,
CPD 1057353,,
CPD 1056673,,
CPD 1055996,,
CPD 1054411,,
CPD 1055448,,
CPD 1056672,,
CPD 1055995,,
CPD 1057350,,
CPD 1056671,,
CPD 1057340,,
CPD 1055994,,
CPD 1055444,,
CPD 1056668,,
CPD 1057339,,
CPD 1051972,,
CPD 1055993,,
CPD 1056667,,
CPD 1057335,,
CPD 1054410,,
CPD 1058691,,
CPD 1056666,,
CPD 1057328,,
CPD 1056665,,
CPD 1055440,,
CPD 1055992,,
CPD 1057327,,
CPD 1054409,,
CPD 1056663,,
CPD 1058681,,
CPD 1055991,,
CPD 1057326,,
CPD 1056662,,
CPD 1051968,,
CPD 1058676,,
CPD 1056661,,
CPD 1055990,,
CPD 1056660,,
CPD 1057324,,
CPD 1054407,,
CPD 1058667,,
CPD 1055989,,
CPD 1056657,,
CPD 1057321,,
CPD 1055436,,
CPD 1055988,,
CPD 1057320,,
CPD 1055987,,
CPD 1056656,,
CPD 1054403,,
CPD 1058663,,
CPD 1051966,,
CPD 1055985,,
CPD 1055435,,
CPD 1056653,,
CPD 1057319,,
CPD 1055984,,
CPD 1054400,,
CPD 1057317,,
CPD 1055983,,
CPD 1056652,,
CPD 1055434,,
CPD 1057316,,
CPD 1051957,,
CPD 1058652,,
CPD 1057315,,
CPD 1054399,,
CPD 1057313,,
CPD 1056650,,
CPD 1058651,,
CPD 1057311,,
CPD 1056649,,
CPD 1058624,,
CPD 1054397,,
CPD 1057310,,
CPD 1055979,,
CPD 1057308,,
CPD 1056648,,
CPD 1055977,,
CPD 1057307,,
CPD 1051951,,
CPD 1056646,,
CPD 1055432,,
CPD 1055976,,
CPD 1056645,,
CPD 1055974,,
CPD 1058616,,
CPD 1055431,,
CPD 1057305,,
CPD 1054378,,
CPD 1056644,,
CPD 1055973,,
CPD 1056643,,
CPD 1057304,,
CPD 1051950,,
CPD 1058592,,
CPD 1058591,,
CPD 1055972,,
CPD 1054374,,
CPD 1055425,,
CPD 1056642,,
CPD 1057303,,
CPD 1058590,,
CPD 1057302,,
CPD 1058589,,
CPD 1055971,,
CPD 1055422,,
CPD 1051932,,
CPD 1056641,,
CPD 1057298,,
CPD 1058588,,
CPD 1055968,,
CPD 1056640,,
CPD 1057296,,
CPD 1058587,,
CPD 1054369,,
CPD 1057291,,
CPD 1055421,,
CPD 1056636,,
CPD 1058586,,
CPD 1057287,,
CPD 1051931,,
CPD 1054368,,
CPD 1055967,,
CPD 1058575,,
CPD 1057284,,
CPD 1056635,,
CPD 1055419,,
CPD 1058574,,
CPD 1055966,,
CPD 1055411,,
CPD 1058568,,
CPD 1055965,,
CPD 1055964,,
CPD 1058561,,
CPD 1054367,,
CPD 1056634,,
CPD 1055963,,
CPD 1058546,,
CPD 1057283,,
CPD 1055962,,
CPD 1055408,,
CPD 1056632,,
CPD 1058545,,
CPD 1057280,,
CPD 1054342,,
CPD 1055961,,
CPD 1058544,,
CPD 1055959,,
CPD 1058539,,
CPD 1051929,,
CPD 1056631,,
CPD 1058537,,
CPD 1055406,,
CPD 1057279,,
CPD 1055958,,
CPD 1056630,,
CPD 1054331,,
CPD 1055405,,
CPD 1056627,,
CPD 1055957,,
CPD 1057278,,
CPD 1055404,,
CPD 1056625,,
CPD 1058534,,
CPD 1055956,,
CPD 1055403,,
CPD 1057274,,
CPD 1058533,,
CPD 1054328,,
CPD 1057272,,
CPD 1056624,,
CPD 1055955,,
CPD 1055402,,
CPD 1051920,,
CPD 1057270,,
CPD 1055954,,
CPD 1058531,,
CPD 1055401,,
CPD 1055399,,
CPD 1057267,,
CPD 1058529,,
CPD 1054323,,
CPD 1055953,,
CPD 1058527,,
CPD 1057265,,
CPD 1055396,,
CPD 1058522,,
CPD 1055952,,
CPD 1057259,,
CPD 1056622,,
CPD 1058520,,
CPD 1055951,,
CPD 1057258,,
CPD 1051919,,
CPD 1054307,,
CPD 1056621,,
CPD 1058516,,
CPD 1055393,,
CPD 1056616,,
CPD 1057257,,
CPD 1057256,,
CPD 1056614,,
CPD 1055392,,
CPD 1054296,,
CPD 1055950,,
CPD 1058514,,
CPD 1056613,,
CPD 1051915,,
CPD 1058512,,
CPD 1055949,,
CPD 1055391,,
CPD 1058510,,
CPD 1056612,,
CPD 1057255,,
CPD 1055948,,
CPD 1055390,,
CPD 1058509,,
CPD 1055389,,
CPD 1056611,,
CPD 1058506,,
CPD 1051903,,
CPD 1057253,,
CPD 1055946,,
CPD 1056610,,
CPD 1058503,,
CPD 1056609,,
CPD 1055945,,
CPD 1055388,,
CPD 1057252,,
CPD 1054273,,
CPD 1055944,,
CPD 1057251,,
CPD 1058501,,
CPD 1056608,,
CPD 1055387,,
CPD 1055943,,
CPD 1058492,,
CPD 1057250,,
CPD 1055386,,
CPD 1055942,,
CPD 1057249,,
CPD 1055385,,
CPD 1055941,,
CPD 1055384,,
CPD 1056607,,
CPD 1055940,,
CPD 1055383,,
CPD 1058490,,
CPD 1056605,,
CPD 1055382,,
CPD 1058489,,
CPD 1057244,,
CPD 1055938,,
CPD 1056604,,
CPD 1056603,,
CPD 1058487,,
CPD 1055937,,
CPD 1057242,,
CPD 1051892,,
CPD 1056598,,
CPD 1058486,,
CPD 1055936,,
CPD 1058485,,
CPD 1057241,,
CPD 1056596,,
CPD 1058480,,
CPD 1055380,,
CPD 1055935,,
CPD 1055934,,
CPD 1057240,,
CPD 1055379,,
CPD 1051887,,
CPD 1055378,,
CPD 1055933,,
CPD 1055377,,
CPD 1058478,,
CPD 1056594,,
CPD 1055374,,
CPD 1058477,,
CPD 1055932,,
CPD 1054272,,
CPD 1051871,,
CPD 1058476,,
CPD 1055372,,
CPD 1058475,,
CPD 1056593,,
CPD 1058467,,
CPD 1055371,,
CPD 1058463,,
CPD 1057239,,
CPD 1058462,,
CPD 1055931,,
CPD 1057238,,
CPD 1056592,,
CPD 1058461,,
CPD 1051869,,
CPD 1057237,,
CPD 1055362,,
CPD 1058460,,
CPD 1058453,,
CPD 1056591,,
CPD 1057233,,
CPD 1051868,,
CPD 1056590,,
CPD 1058451,,
CPD 1057232,,
CPD 1055361,,
CPD 1054271,,
CPD 1058450,,
CPD 1057231,,
CPD 1055929,,
CPD 1058449,,
CPD 1055358,,
CPD 1057230,,
CPD 1055927,,
CPD 1058447,,
CPD 1056589,,
CPD 1057228,,
CPD 1058439,,
CPD 1056588,,
CPD 1055356,,
CPD 1058438,,
CPD 1051861,,
CPD 1056586,,
CPD 1055926,,
CPD 1058437,,
CPD 1054270,,
CPD 1056585,,
CPD 1058436,,
CPD 1057227,,
CPD 1058435,,
CPD 1058427,,
CPD 1058426,,
CPD 1056583,,
CPD 1055354,,
CPD 1058425,,
CPD 1055925,,
CPD 1056582,,
CPD 1051854,,
CPD 1058424,,
CPD 1057226,,
CPD 1056581,,
CPD 1055922,,
CPD 1058419,,
CPD 1056580,,
CPD 1057225,,
CPD 1055921,,
CPD 1055351,,
CPD 1058418,,
CPD 1058417,,
CPD 1051853,,
CPD 1056579,,
CPD 1055919,,
CPD 1058416,,
CPD 1055346,,
CPD 1056577,,
CPD 1055918,,
CPD 1054268,,
CPD 1056572,,
CPD 1058414,,
CPD 1055916,,
CPD 1051852,,
CPD 1056570,,
CPD 1055913,,
CPD 1057224,,
CPD 1055345,,
CPD 1058409,,
CPD 1055912,,
CPD 1057221,,
CPD 1058405,,
CPD 1056569,,
CPD 1054267,,
CPD 1055344,,
CPD 1058404,,
CPD 1057220,,
CPD 1055342,,
CPD 1056568,,
CPD 1051843,,
CPD 1057217,,
CPD 1058403,,
CPD 1055911,,
CPD 1055338,,
CPD 1056567,,
CPD 1058402,,
CPD 1057216,,
CPD 1055336,,
CPD 1058401,,
CPD 1056566,,
CPD 1056565,,
CPD 1057213,,
CPD 1058395,,
CPD 1055333,,
CPD 1054261,,
CPD 1051840,,
CPD 1055910,,
CPD 1054251,,
CPD 1058394,,
CPD 1056563,,
CPD 1055909,,
CPD 1055908,,
CPD 1058393,,
CPD 1055332,,
CPD 1056561,,
CPD 1055907,,
CPD 1058385,,
CPD 1055905,,
CPD 1055330,,
CPD 1056558,,
CPD 1058382,,
CPD 1051837,,
CPD 1055904,,
CPD 1056557,,
CPD 1058380,,
CPD 1054243,,
CPD 1055903,,
CPD 1055329,,
CPD 1056556,,
CPD 1058375,,
CPD 1055328,,
CPD 1056555,,
CPD 1055901,,
CPD 1058369,,
CPD 1051823,,
CPD 1055326,,
CPD 1054240,,
CPD 1057209,,
CPD 1056550,,
CPD 1058368,,
CPD 1055900,,
CPD 1057208,,
CPD 1056548,,
CPD 1055325,,
CPD 1058367,,
CPD 1058365,,
CPD 1057207,,
CPD 1051814,,
CPD 1058364,,
CPD 1054235,,
CPD 1056547,,
CPD 1055324,,
CPD 1056546,,
CPD 1058359,,
CPD 1057206,,
CPD 1055323,,
CPD 1056543,,
CPD 1058357,,
CPD 1055321,,
CPD 1057204,,
CPD 1055319,,
CPD 1056542,,
CPD 1057200,,
CPD 1058356,,
CPD 1055318,,
CPD 1056541,,
CPD 1058355,,
CPD 1055316,,
CPD 1057197,,
CPD 1055899,,
CPD 1056540,,
CPD 1058348,,
CPD 1057194,,
CPD 1055898,,
CPD 1058340,,
CPD 1055315,,
CPD 1055897,,
CPD 1058339,,
CPD 1054225,,
CPD 1055896,,
CPD 1055314,,
CPD 1051813,,
CPD 1056538,,
CPD 1056537,,
CPD 1057193,,
CPD 1055895,,
CPD 1056534,,
CPD 1055313,,
CPD 1055894,,
CPD 1056533,,
CPD 1058336,,
CPD 1056532,,
CPD 1055892,,
CPD 1055312,,
CPD 1058334,,
CPD 1054219,,
CPD 1058331,,
CPD 1055891,,
CPD 1056531,,
CPD 1057191,,
CPD 1057187,,
CPD 1058328,,
CPD 1056530,,
CPD 1055311,,
CPD 1057185,,
CPD 1055890,,
CPD 1058323,,
CPD 1056528,,
CPD 1051812,,
CPD 1057183,,
CPD 1055310,,
CPD 1056527,,
CPD 1055889,,
CPD 1058319,,
CPD 1056526,,
CPD 1055309,,
CPD 1055888,,
CPD 1056525,,
CPD 1058317,,
CPD 1055886,,
CPD 1057181,,
CPD 1054214,,
CPD 1058316,,
CPD 1056524,,
CPD 1057179,,
CPD 1058314,,
CPD 1055885,,
CPD 1055308,,
CPD 1056523,,
CPD 1057178,,
CPD 1058312,,
CPD 1058309,,
CPD 1055307,,
CPD 1055883,,
CPD 1056522,,
CPD 1057177,,
CPD 1058306,,
CPD 1055306,,
CPD 1054211,,
CPD 1055882,,
CPD 1058305,,
CPD 1057176,,
CPD 1055880,,
CPD 1056521,,
CPD 1058302,,
CPD 1057175,,
CPD 1058300,,
CPD 1057174,,
CPD 1056519,,
CPD 1055305,,
CPD 1051810,,
CPD 1055879,,
CPD 1058297,,
CPD 1057162,,
CPD 1054210,,
CPD 1058296,,
CPD 1055878,,
CPD 1056518,,
CPD 1055300,,
CPD 1058295,,
CPD 1056516,,
CPD 1054206,,
CPD 1055298,,
CPD 1058293,,
CPD 1057157,,
CPD 1056515,,
CPD 1057156,,
CPD 1056510,,
CPD 1051808,,
CPD 1058288,,
CPD 1055297,,
CPD 1057149,,
CPD 1056506,,
CPD 1055877,,
CPD 1057148,,
CPD 1058286,,
CPD 1056505,,
CPD 1055295,,
CPD 1055876,,
CPD 1058285,,
CPD 1051778,,
CPD 1056502,,
CPD 1055875,,
CPD 1055294,,
CPD 1057147,,
CPD 1055874,,
CPD 1055293,,
CPD 1054205,,
CPD 1058282,,
CPD 1056501,,
CPD 1057145,,
CPD 1055291,,
CPD 1058277,,
CPD 1051776,,
CPD 1055873,,
CPD 1057144,,
CPD 1055290,,
CPD 1055872,,
CPD 1056500,,
CPD 1058274,,
CPD 1054198,,
CPD 1058273,,
CPD 1055289,,
CPD 1056499,,
CPD 1058272,,
CPD 1056498,,
CPD 1055286,,
CPD 1057141,,
CPD 1051763,,
CPD 1058271,,
CPD 1056497,,
CPD 1055281,,
CPD 1054186,,
CPD 1058268,,
CPD 1057140,,
CPD 1055280,,
CPD 1056496,,
CPD 1055871,,
CPD 1058267,,
CPD 1057139,,
CPD 1055278,,
CPD 1057138,,
CPD 1056493,,
CPD 1058266,,
CPD 1051739,,
CPD 1054181,,
CPD 1058265,,
CPD 1056492,,
CPD 1058254,,
CPD 1055277,,
CPD 1058253,,
CPD 1055870,,
CPD 1058252,,
CPD 1054177,,
CPD 1056490,,
CPD 1058248,,
CPD 1055274,,
CPD 1055273,,
CPD 1058247,,
CPD 1055272,,
CPD 1058246,,
CPD 1056489,,
CPD 1055869,,
CPD 1055271,,
CPD 1051737,,
CPD 1055867,,
CPD 1058245,,
CPD 1055268,,
CPD 1055866,,
CPD 1058244,,
CPD 1055865,,
CPD 1058239,,
CPD 1056488,,
CPD 1055266,,
CPD 1056487,,
CPD 1058236,,
CPD 1051736,,
CPD 1058233,,
CPD 1058229,,
CPD 1056486,,
CPD 1051729,,
CPD 1055265,,
CPD 1055864,,
CPD 1056485,,
CPD 1054174,,
CPD 1055863,,
CPD 1056484,,
CPD 1055264,,
CPD 1058228,,
CPD 1051725,,
CPD 1055862,,
CPD 1056482,,
CPD 1058222,,
CPD 1056481,,
CPD 1058217,,
CPD 1054170,,
CPD 1058214,,
CPD 1056480,,
CPD 1051723,,
CPD 1055861,,
CPD 1055263,,
CPD 1056479,,
CPD 1058211,,
CPD 1056478,,
CPD 1058208,,
CPD 1056476,,
CPD 1055860,,
CPD 1058207,,
CPD 1055262,,
CPD 1058204,,
CPD 1056474,,
CPD 1051719,,
CPD 1058201,,
CPD 1055858,,
CPD 1056473,,
CPD 1058199,,
CPD 1055857,,
CPD 1058198,,
CPD 1055261,,
CPD 1056472,,
CPD 1058196,,
CPD 1058186,,
CPD 1056471,,
CPD 1055855,,
CPD 1051717,,
CPD 1056470,,
CPD 1054166,,
CPD 1055257,,
CPD 1058185,,
CPD 1056469,,
CPD 1058184,,
CPD 1055854,,
CPD 1058182,,
CPD 1056466,,
CPD 1055249,,
CPD 1058178,,
CPD 1055853,,
CPD 1054162,,
CPD 1056465,,
CPD 1058176,,
CPD 1055246,,
CPD 1058175,,
CPD 1056464,,
CPD 1055244,,
CPD 1055852,,
CPD 1058174,,
CPD 1056463,,
CPD 1055851,,
CPD 1054154,,
CPD 1051708,,
CPD 1055243,,
CPD 1058173,,
CPD 1055849,,
CPD 1056461,,
CPD 1055848,,
CPD 1055241,,
CPD 1056460,,
CPD 1056458,,
CPD 1055847,,
CPD 1055233,,
CPD 1054146,,
CPD 1055845,,
CPD 1056457,,
CPD 1055844,,
CPD 1055225,,
CPD 1056455,,
CPD 1055841,,
CPD 1055224,,
CPD 1056453,,
CPD 1055839,,
CPD 1055219,,
CPD 1056446,,
CPD 1055218,,
CPD 1051695,,
CPD 1054142,,
CPD 1055215,,
CPD 1056444,,
CPD 1055836,,
CPD 1051692,,
CPD 1055835,,
CPD 1056443,,
CPD 1054136,,
CPD 1055209,,
CPD 1055834,,
CPD 1056436,,
CPD 1054131,,
CPD 1056435,,
CPD 1051686,,
CPD 1056431,,
CPD 1054130,,
CPD 1055833,,
CPD 1056427,,
CPD 1055832,,
CPD 1056426,,
CPD 1055830,,
CPD 1051685,,
CPD 1056422,,
CPD 1055826,,
CPD 1054120,,
CPD 1055825,,
CPD 1056420,,
CPD 1055824,,
CPD 1055207,,
CPD 1055822,,
CPD 1051684,,
CPD 1056419,,
CPD 1055821,,
CPD 1056418,,
CPD 1054118,,
CPD 1055818,,
CPD 1055201,,
CPD 1056416,,
CPD 1055199,,
CPD 1055817,,
CPD 1051683,,
CPD 1056415,,
CPD 1055816,,
CPD 1054117,,
CPD 1055198,,
CPD 1055815,,
CPD 1051681,,
CPD 1055808,,
CPD 1056413,,
CPD 1055194,,
CPD 1054111,,
CPD 1051677,,
CPD 1056412,,
CPD 1055805,,
CPD 1054087,,
CPD 1051660,,
CPD 1056410,,
CPD 1054079,,
CPD 1055193,,
CPD 1055804,,
CPD 1055191,,
CPD 1056409,,
CPD 1055190,,
CPD 1056408,,
CPD 1055802,,
CPD 1056407,,
CPD 1055801,,
CPD 1055188,,
CPD 1056405,,
CPD 1055800,,
CPD 1056404,,
CPD 1055185,,
CPD 1056403,,
CPD 1056402,,
CPD 1055798,,
CPD 1051650,,
CPD 1055795,,
CPD 1054075,,
CPD 1055794,,
CPD 1055180,,
CPD 1055793,,
CPD 1056401,,
CPD 1054070,,
CPD 1055179,,
CPD 1056400,,
CPD 1055792,,
CPD 1056399,,
CPD 1051645,,
CPD 1055788,,
CPD 1056397,,
CPD 1055787,,
CPD 1056396,,
CPD 1054066,,
CPD 1055178,,
CPD 1054030,,
CPD 1055786,,
CPD 1051642,,
CPD 1055785,,
CPD 1055784,,
CPD 1055176,,
CPD 1051633,,
CPD 1054028,,
CPD 1055175,,
CPD 1055783,,
CPD 1054022,,
CPD 1051632,,
CPD 1055174,,
CPD 1055780,,
CPD 1054021,,
CPD 1051619,,
CPD 1055779,,
CPD 1055778,,
CPD 1055172,,
CPD 1054019,,
CPD 1055777,,
CPD 1055775,,
CPD 1051617,,
CPD 1055170,,
CPD 1055169,,
CPD 1054016,,
CPD 1055167,,
CPD 1051609,,
CPD 1055166,,
CPD 1054015,,
CPD 1055164,,
CPD 1054002,,
CPD 1051608,,
CPD 1053995,,
CPD 1055161,,
CPD 1051596,,
CPD 1055160,,
CPD 1053986,,
CPD 1051586,,
CPD 1055157,,
CPD 1051522,,
CPD 1053980,,
CPD 1055153,,
CPD 1051518,,
CPD 1053978,,
CPD 1055152,,
CPD 1055149,,
CPD 1053977,,
CPD 1051514,,
CPD 1055146,,
CPD 1053974,,
CPD 1051501,,
CPD 1055145,,
CPD 1055144,,
CPD 1053972,,
CPD 1055137,,
CPD 1053956,,
CPD 1055134,,
CPD 1053954,,
CPD 1051500,,
CPD 1055130,,
CPD 1053950,,
CPD 1053939,,
CPD 1055127,,
CPD 1055123,,
CPD 1051497,,
CPD 1053937,,
CPD 1055120,,
CPD 1055119,,
CPD 1053925,,
CPD 1055116,,
CPD 1051496,,
CPD 1055115,,
CPD 1053911,,
CPD 1055113,,
CPD 1055106,,
CPD 1051484,,
CPD 1055103,,
CPD 1053903,,
CPD 1055101,,
CPD 1055098,,
CPD 1053894,,
CPD 1055096,,
CPD 1053892,,
CPD 1051468,,
CPD 1055094,,
CPD 1053885,,
CPD 1055093,,
CPD 1055092,,
CPD 1051466,,
CPD 1053882,,
CPD 1055091,,
CPD 1051465,,
CPD 1055090,,
CPD 1055089,,
CPD 1051463,,
CPD 1055088,,
CPD 1053878,,
CPD 1055087,,
CPD 1055086,,
CPD 1055085,,
CPD 1051458,,
CPD 1053872,,
CPD 1055084,,
CPD 1055083,,
CPD 1055080,,
CPD 1051450,,
CPD 1053868,,
CPD 1055077,,
CPD 1051449,,
CPD 1055075,,
CPD 1053864,,
CPD 1055074,,
CPD 1053858,,
CPD 1055069,,
CPD 1053856,,
CPD 1055067,,
CPD 1051439,,
CPD 1053850,,
CPD 1055062,,
CPD 1055059,,
CPD 1053849,,
CPD 1055056,,
CPD 1051437,,
CPD 1053833,,
CPD 1055053,,
CPD 1055052,,
CPD 1053826,,
CPD 1051429,,
CPD 1051428,,
CPD 1051426,,
CPD 1053824,,
CPD 1051400,,
CPD 1053818,,
CPD 1051369,,
CPD 1053815,,
CPD 1051366,,
CPD 1053809,,
CPD 1051362,,
CPD 1053799,,
CPD 1051361,,
CPD 1053796,,
CPD 1055051,,
CPD 1051353,,
CPD 1055048,,
CPD 1053795,,
CPD 1051352,,
CPD 1055047,,
CPD 1053790,,
CPD 1051313,,
CPD 1055044,,
CPD 1055032,,
CPD 1053786,,
CPD 1051312,,
CPD 1055031,,
CPD 1055019,,
CPD 1051310,,
CPD 1053783,,
CPD 1055017,,
CPD 1055016,,
CPD 1055002,,
CPD 1053778,,
CPD 1055001,,
CPD 1051289,,
CPD 1055000,,
CPD 1051286,,
CPD 1054998,,
CPD 1054997,,
CPD 1053715,,
CPD 1054992,,
CPD 1051277,,
CPD 1053711,,
CPD 1054988,,
CPD 1054961,,
CPD 1053708,,
CPD 1051274,,
CPD 1051272,,
CPD 1053704,,
CPD 1054958,,
CPD 1051270,,
CPD 1054956,,
CPD 1051267,,
CPD 1054954,,
CPD 1053691,,
CPD 1051264,,
CPD 1054953,,
CPD 1053688,,
CPD 1051258,,
CPD 1054949,,
CPD 1053686,,
CPD 1051250,,
CPD 1053683,,
CPD 1053675,,
CPD 1051245,,
CPD 1051241,,
CPD 1053662,,
CPD 1051240,,
CPD 1053657,,
CPD 1051238,,
CPD 1053652,,
CPD 1051229,,
CPD 1053617,,
CPD 1053607,,
CPD 1053606,,
CPD 1051227,,
CPD 1051223,,
CPD 1053593,,
CPD 1051222,,
CPD 1053585,,
CPD 1051219,,
CPD 1051210,,
CPD 1053580,,
CPD 1053579,,
CPD 1053577,,
CPD 1053536,,
CPD 1051185,,
CPD 1053518,,
CPD 1051177,,
CPD 1053517,,
CPD 1053499,,
CPD 1051140,,
CPD 1053495,,
CPD 1051132,,
CPD 1051123,,
CPD 1051121,,
CPD 1051119,,
CPD 1051118,,
CPD 1051117,,
CPD 1051116,,
CPD 1051115,,
CPD 1053484,,
CPD 1051112,,
CPD 1051109,,
CPD 1053480,,
CPD 1051108,,
CPD 1053477,,
CPD 1051107,,
CPD 1053459,,
CPD 1051096,,
CPD 1053455,,
CPD 1051091,,
CPD 1053454,,
CPD 1051088,,
CPD 1053453,,
CPD 1051087,,
CPD 1051085,,
CPD 1053449,,
CPD 1051081,,
CPD 1053413,,
CPD 1053407,,
CPD 1051080,,
CPD 1053384,,
CPD 1053376,,
CPD 1051068,,
CPD 1053360,,
CPD 1053356,,
CPD 1053353,,
CPD 1051034,,
CPD 1053349,,
CPD 1053348,,
CPD 1051033,,
CPD 1053347,,
CPD 1053345,,
CPD 1053340,,
CPD 1051031,,
CPD 1053335,,
CPD 1051030,,
CPD 1053331,,
CPD 1053330,,
CPD 1051022,,
CPD 1053329,,
CPD 1051009,,
CPD 1053326,,
CPD 1051008,,
CPD 1053325,,
CPD 1053320,,
CPD 1051006,,
CPD 1053316,,
CPD 1053315,,
CPD 1051001,,
CPD 1053313,,
CPD 1053309,,
CPD 1053306,,
CPD 1053305,,
CPD 1053304,,
CPD 1050993,,
CPD 1053303,,
CPD 1050983,,
CPD 1053302,,
CPD 1053298,,
CPD 1050977,,
CPD 1050960,,
CPD 1053295,,
CPD 1053293,,
CPD 1053291,,
CPD 1050959,,
CPD 1053289,,
CPD 1053288,,
CPD 1053287,,
CPD 1050958,,
CPD 1053281,,
CPD 1050954,,
CPD 1053279,,
CPD 1050950,,
CPD 1053266,,
CPD 1053265,,
CPD 1050946,,
CPD 1053263,,
CPD 1050945,,
CPD 1053262,,
CPD 1053261,,
CPD 1050941,,
CPD 1053260,,
CPD 1053257,,
CPD 1050940,,
CPD 1053256,,
CPD 1053253,,
CPD 1050936,,
CPD 1053233,,
CPD 1053220,,
CPD 1050929,,
CPD 1053219,,
CPD 1050923,,
CPD 1053218,,
CPD 1050887,,
CPD 1053216,,
CPD 1053212,,
CPD 1053211,,
CPD 1050524,,
CPD 1050885,,
CPD 1050515,,
CPD 1050872,,
CPD 1053207,,
CPD 1050512,,
CPD 1050869,,
CPD 1053200,,
CPD 1053198,,
CPD 1050864,,
CPD 1050511,,
CPD 1050859,,
CPD 1053196,,
CPD 1050500,,
CPD 1053195,,
CPD 1050825,,
CPD 1053194,,
CPD 1050813,,
CPD 1053182,,
CPD 1050806,,
CPD 1053145,,
CPD 1050797,,
CPD 1053140,,
CPD 1050496,,
CPD 1053138,,
CPD 1053137,,
CPD 1050787,,
CPD 1053131,,
CPD 1053129,,
CPD 1050786,,
CPD 1053128,,
CPD 1053126,,
CPD 1050477,,
CPD 1050782,,
CPD 1053124,,
CPD 1050474,,
CPD 1053113,,
CPD 1050472,,
CPD 1050766,,
CPD 1053100,,
CPD 1050467,,
CPD 1053094,,
CPD 1050456,,
CPD 1053093,,
CPD 1050763,,
CPD 1050453,,
CPD 1053078,,
CPD 1050756,,
CPD 1050452,,
CPD 1053065,,
CPD 1050754,,
CPD 1050451,,
CPD 1050748,,
CPD 1050449,,
CPD 1053056,,
CPD 1050447,,
CPD 1050744,,
CPD 1053050,,
CPD 1050737,,
CPD 1053041,,
CPD 1050724,,
CPD 1050445,,
CPD 1053033,,
CPD 1050444,,
CPD 1050716,,
CPD 1053019,,
CPD 1053018,,
CPD 1050705,,
CPD 1052970,,
CPD 1050443,,
CPD 1050696,,
CPD 1050439,,
CPD 1052957,,
CPD 1050694,,
CPD 1052954,,
CPD 1050436,,
CPD 1050433,,
CPD 1050689,,
CPD 1050420,,
CPD 1052951,,
CPD 1050685,,
CPD 1050414,,
CPD 1052950,,
CPD 1050684,,
CPD 1052948,,
CPD 1050412,,
CPD 1052946,,
CPD 1050393,,
CPD 1052944,,
CPD 1050621,,
CPD 1050389,,
CPD 1050619,,
CPD 1050388,,
CPD 1050384,,
CPD 1050372,,
CPD 1050362,,
CPD 1050610,,
CPD 1050604,,
CPD 1050360,,
CPD 1050358,,
CPD 1050600,,
CPD 1050352,,
CPD 1050599,,
CPD 1050343,,
CPD 1052943,,
CPD 1050341,,
CPD 1050580,,
CPD 1052940,,
CPD 1050577,,
CPD 1052939,,
CPD 1050331,,
CPD 1050575,,
CPD 1050330,,
CPD 1050566,,
CPD 1050564,,
CPD 1050326,,
CPD 1052919,,
CPD 1050304,,
CPD 1050550,,
CPD 1052912,,
CPD 1050296,,
CPD 1050547,,
CPD 1052889,,
CPD 1050544,,
CPD 1050295,,
CPD 1052882,,
CPD 1050527,,
CPD 1050289,,
CPD 1052879,,
CPD 1052876,,
CPD 1050285,,
CPD 1050267,,
CPD 1052874,,
CPD 1050255,,
CPD 1050246,,
CPD 1052867,,
CPD 1050243,,
CPD 1050239,,
CPD 1052865,,
CPD 1050238,,
CPD 1052852,,
CPD 1050224,,
CPD 1052838,,
CPD 1050217,,
CPD 1052837,,
CPD 1052832,,
CPD 1052826,,
CPD 1052817,,
CPD 1052815,,
CPD 1052809,,
CPD 1052799,,
CPD 1052798,,
CPD 1052797,,
CPD 1052794,,
CPD 1052789,,
CPD 1052784,,
CPD 1052774,,
CPD 1052762,,
CPD 1052761,,
CPD 1052759,,
CPD 1052752,,
CPD 1052748,,
CPD 1052746,,
CPD 1052739,,
CPD 1052723,,
CPD 1052710,,
CPD 1052758,,
CPD 1052709,,
CPD 1052694,,
CPD 1052689,,
CPD 1052685,,
CPD 1052682,,
CPD 1052668,,
CPD 1052662,,
CPD 1052653,,
CPD 1052651,,
CPD 1052649,,
CPD 1052648,,
CPD 1052646,,
CPD 1052643,,
CPD 1052639,,
CPD 1052635,,
CPD 1052634,,
CPD 1052624,,
CPD 1052613,,
CPD 1052611,,
CPD 1052606,,
CPD 1052592,,
CPD 1052585,,
CPD 1052580,,
CPD 1052577,,
CPD 1052569,,
CPD 1052551,,
CPD 1052557,,
CPD 1052532,,
CPD 1052530,,
CPD 1052520,,
CPD 1052519,,
CPD 1052516,,
CPD 1052514,,
CPD 1052513,,
CPD 1052505,,
CPD 1052502,,
CPD 1052501,,
CPD 1052494,,
CPD 1052488,,
CPD 1052487,,
CPD 1052484,,
CPD 1052479,,
CPD 1052472,,
CPD 1052471,,
CPD 1052455,,
CPD 1052444,,
CPD 1052442,,
CPD 1052428,,
CPD 1052422,,
CPD 1052406,,
CPD 1052405,,
CPD 1052400,,
CPD 1052376,,
CPD 1050198,,
CPD 1050196,,
CPD 1050191,,
CPD 1050183,,
CPD 1050175,,
CPD 1050168,,
CPD 1050167,,
CPD 1050165,,
CPD 1050162,,
CPD 1050159,,
CPD 1050149,,
CPD 1050148,,
CPD 1050146,,
CPD 1050143,,
CPD 1050129,,
CPD 1050117,,
CPD 1050115,,
CPD 1050101,,
CPD 1050096,,
CPD 1050094,,
CPD 1050088,,
CPD 1050083,,
CPD 1050078,,
CPD 1050077,,
CPD 1050065,,
CPD 1050061,,
CPD 1050053,,
CPD 1050046,,
CPD 1050036,,
CPD 1050031,,
CPD 1050022,,
CPD 1050015,,
CPD 1050014,,
CPD 1050009,,
CPD 1050008,,
CPD 1049990,,
CPD 1049830,,
CPD 1049818,,
CPD 1049817,,
CPD 1049810,,
CPD 1049803,,
CPD 1049801,,
CPD 1049793,,
CPD 1049791,,
CPD 1049788,,
CPD 1049783,,
CPD 1049710,,
CPD 1049709,,
CPD 1049706,,
CPD 1049702,,
CPD 1049696,,
CPD 1049666,,
CPD 1049659,,
CPD 1049652,,
CPD 1049645,,
CPD 1049643,,
CPD 1049640,,
CPD 1049563,,
CPD 1049561,,
CPD 1049550,,
CPD 1049541,,
CPD 1049540,,
CPD 1049538,,
CPD 1049530,,
CPD 1049518,,
CPD 1049429,,
CPD 1049414,,
